Epoch,EpRet/Mean,EpRet/Std,EpRet/Min,EpRet/Max,EpLen/Mean,EpLen/Min,EpLen/Max,Values/V/Mean,Values/V/Min,Values/V/Max,Values/Adv/Mean,Values/Adv/Min,Values/Adv/Max,Loss/Pi,Loss/Value,Loss/DeltaPi,Loss/DeltaValue,Entropy,KL,Misc/StopIter,Misc/Seed,PolicyRatio,LR,Misc/RewScaleMean,Misc/RewScaleStddev,Misc/ExplorationNoiseStd,DistbLevel,TotalEnvSteps,Time,FPS
1,100.37691102756892,0.07763581131323492,100.0727,100.91174,1.0025062656641603,1.0,2.0,0.07942807006835938,-0.3616808,0.47814396,9.91973046875,9.257604,10.361681,-9.919731140136719,98.42533111572266,-0.07210350036621094,-20.943849563598633,0.7436313033103943,0.0008554134401492774,80.0,42,1.0083566904067993,0.0003,100.37445831298828,0.08459031581878662,0.508999994180536,0,32000,102,313
