Epoch,EpRet/Mean,EpRet/Std,EpRet/Min,EpRet/Max,EpLen/Mean,EpLen/Min,EpLen/Max,Values/V/Mean,Values/V/Min,Values/V/Max,Values/Adv/Mean,Values/Adv/Min,Values/Adv/Max,Loss/Pi,Loss/Value,Loss/DeltaPi,Loss/DeltaValue,Entropy,KL,Misc/StopIter,Misc/Seed,PolicyRatio,LR,Misc/RewScaleMean,Misc/RewScaleStddev,Misc/ExplorationNoiseStd,DistbLevel,TotalEnvSteps,Time,FPS
1,-135.7551197562358,14.717774980223089,-185.75046,-100.79454,72.44897959183673,13.0,107.0,0.04008380126953125,-0.36051124,0.3359251,-9.303271484375,-22.253098,-0.7676815,9.303271293640137,100.14466094970703,-0.1208944320678711,-50.00011444091797,0.7436313033103943,0.001366100157611072,80.0,42,0.9876928925514221,0.0003,-89.0919189453125,12.136556625366211,0.508999994180536,0.3,32000,421,75
